aircraft,stallSpeed,AileronEffectiveSpeed,RudderEffectiveSpeed,ElevatorsEffectiveSpeed,CompressorAlt0,CompressorAlt1,CompressorAlt2
a-10a_early,176,550,650,500,8000.0,0,0
a-10a_late,176,550,650,500,8000.0,0,0
a-10c,176,550,650,500,8000.0,0,0
a-20g,185,260,320,300,610.0,3292.0,0
a-26b,185,390,375,460,1310.0,4572.0,0
a-26b_10,185,370,375,460,1310.0,4572.0,0
a-26c,185,390,375,460,1310.0,4572.0,0
a2d,176,460,480,460,1000.0,0,0
a5m4,125,280,320,360,2000.0,0,0
a6m2_mod11,128,270,420,410,3400.0,0,0
a6m2_n_zero,139,310,420,410,3560.0,0,0
a6m2_zero,126,270,420,410,3400.0,0,0
a6m3_mod22_zero,131,270,420,410,1850.0,5000.0,0
a6m3_zero,135,280,420,410,1850.0,5000.0,0
a6m5_hei,142,280,420,410,2500.0,5000.0,0
a6m5_ko_otsu,142,280,420,410,2500.0,5000.0,0
a6m5_zero,142,280,420,410,2500.0,5000.0,0
a6m6c,142,280,420,410,2500.0,5500.0,0
a7he1,146,298,320,360,1250.0,3150.0,0
a7m1,159,400,380,380,2000.0,6000.0,0
a7m2,159,400,380,400,1000.0,5000.0,0
ab_205a_1,193,482,400,500,6000.0,0,0
ah-64d,176,482,400,500,6000.0,0,0
ahs,176,482,400,500,6000.0,0,0
ah_1f,None,482,400,500,6000.0,0,0
ah_1f_iaf,None,482,400,500,6000.0,0,0
ah_1g,None,482,400,500,6000.0,0,0
ah_1g_iaf,None,482,400,500,6000.0,0,0
ah_1q_iaf,None,482,400,500,6000.0,0,0
ah_1s,None,482,400,500,6000.0,0,0
ah_1w,176,482,400,500,6000.0,0,0
ah_1z,176,482,400,500,6000.0,0,0
ah_2_rooivalk,176,482,400,500,6000.0,0,0
ah_60_iaf,176,482,400,500,6000.0,0,0
ah_64a,176,482,400,500,6000.0,0,0
ah_64a_iaf,176,482,400,500,6000.0,0,0
ah_64d,176,482,400,500,6000.0,0,0
ah_64d_i_saraph,176,482,400,500,6000.0,0,0
ah_64d_japan,176,482,400,500,6000.0,0,0
ah_6m,176,482,400,500,6000.0,0,0
ah_mk1,176,482,400,500,6000.0,0,0
aichi_e13a,139,310,320,310,2011.0,0,0
alpha_jet_a,95,600,700,600,6000.0,0,0
alpha_jet_e,95,600,700,600,6000.0,0,0
am-1_mauler,173,450,220,500,4115.0,0,0
amx_a_1a_brazil,95,650,650,650,6000.0,0,0
amx_italy,95,650,650,650,6000.0,0,0
arado-196a-3,139,270,280,250,1500.0,0,0
arado-234,None,500,500,550,6000.0,0,0
arado-234c-3,220,500,500,650,6000.0,0,0
arado-234_hockey,220,500,500,550,6000.0,0,0
ariete,173,520,550,550,2000.0,0,0
ar_2,128,320,320,300,2000.0,4000.0,0
attaker_fb1,146,481,600,620,8000.0,0,0
avenger_mk1,82,300,220,220,1768.0,3962.0,0
av_8a,158,648,950,790,6000.0,0,0
av_8b_na,158,648,950,790,6000.0,0,0
av_8b_plus,158,648,950,790,6000.0,0,0
av_8c,158,648,950,790,6000.0,0,0
av_8s,158,648,950,790,6000.0,0,0
a_109_eoa2,176,482,400,500,6000.0,0,0
a_129_a,176,482,400,500,6000.0,0,0
a_129_cbt,176,482,400,500,6000.0,0,0
a_129_d,176,482,400,500,6000.0,0,0
a_129_int,176,482,400,500,6000.0,0,0
a_29_hudson,96,260,290,320,1900.0,5181.0,0
a_35b,179,257,350,380,1676.0,4115.0,0
a_4b,95,450,700,870,6000.0,0,0
a_4e_early,95,450,700,490,6000.0,0,0
a_4e_early_iaf,95,450,700,490,6000.0,0,0
a_4e_late_iaf,95,450,700,490,6000.0,0,0
a_4h,95,450,700,490,6000.0,0,0
a_4n,95,450,700,490,6000.0,0,0
a_5c,156,540,650,350,6000.0,0,0
a_6e_tram,176,600,650,650,6000.0,0,0
a_7d,85,700,690,500,6000.0,0,0
a_7e,85,700,690,500,2409.49,0,0
a_7k,85,700,690,500,2409.49,0,0
b-17e,104,330,310,290,7550.0,0,0
b-17e_late,104,330,310,290,7550.0,0,0
b-17g,113,330,310,290,9966.0,0,0
b-29,124,340,350,290,9720.0,0,0
b-57,185,560,522,510,6000.0,0,0
b-57b,185,560,522,510,6000.0,0,0
b5n2,159,300,300,310,3000.0,0,0
b6n1,159,300,300,310,1402.0,4877.0,0
b6n2,159,300,300,310,2100.0,5500.0,0
b6n2a,159,300,300,310,2100.0,5500.0,0
b7a2,148,380,380,450,1798.92,5700.0,0
b7a2_homare_23,148,380,380,450,2000.0,5300.0,0
ba_65_k14_l,None,300,340,380,4150.0,0,0
bb-1,None,280,240,500,4000.0,6000.0,0
beaufighter_mk1_40mm,160,330,390,410,761.999,4419.0,0
beaufighter_mk21,160,330,390,410,457.0,2515.0,0
beaufighter_mk6c,160,330,390,410,1447.0,4310.0,0
beaufighter_mkx,160,330,390,410,460.0,2651.0,0
beaufort_mkviii,160,330,330,360,1890.0,3993.0,0
be_6,173,350,350,350,1300.0,0,0
bf-109a_1,176,450,390,450,1250.0,3200.0,0
bf-109b_2,176,450,390,450,1260.0,3150.0,0
bf-109c_1,176,450,390,400,1250.0,3150.0,0
bf-109e-1,176,450,390,400,4500.0,0,0
bf-109e-4,176,450,390,400,3700.0,0,0
bf-109f-1,160,450,390,450,4850.0,0,0
bf-109f-4,160,450,390,450,4950.0,0,0
bf-109f-4_trop,160,450,390,450,4950.0,0,0
bf-109g-10,160,450,390,450,6800.0,0,0
bf-109g-14,160,450,390,450,5700.0,0,0
bf-109g-14as,160,450,390,450,7800.0,0,0
bf-109g-2,160,450,390,450,5700.0,0,0
bf-109g-2_romania,160,450,390,450,5700.0,0,0
bf-109g-6,160,450,390,450,5700.0,0,0
bf-109k-4,160,450,390,450,6900.0,0,0
bf-109z,160,450,390,450,5700.0,0,0
bf-110c-4,179,360,350,370,4500.0,0,0
bf-110c-6,176,360,350,370,4850.0,0,0
bf-110c-7,176,360,350,370,4850.0,0,0
bf-110f-2,189,360,350,370,4900.0,0,0
bf-110g-2,193,360,350,370,5650.0,0,0
bf-110g-4,193,360,350,380,5650.0,0,0
bf2c_1,185,240,220,350,2500.0,0,0
bi,173,400,410,550,0.0,0,0
blenheim_mkiv,160,310,310,320,3962.0,0,0
boomerang_mki,85,380,370,340,1989.76,4050.0,0
boomerang_mkii,85,380,370,340,1989.76,4050.0,0
boston_mk_1,184,260,320,300,1524.0,4420.0,0
bo_105cb2,176,482,400,500,6000.0,0,0
bo_105pah1,176,482,400,500,6000.0,0,0
bo_105pah1_a1,176,482,400,500,6000.0,0,0
breda_88,None,360,320,400,4000.0,0,0
brigand_b1,85,360,390,390,1523.0,4800.0,0
br_20_dr,176,200,200,270,4100.0,0,0
br_693_ab2,115,300,300,350,3400.0,0,0
btd-1,185,380,370,390,610.0,4115.0,0
buccaneer_s1,176,585,600,548,6000.0,0,0
buccaneer_s2,176,585,600,548,6000.0,0,0
buccaneer_s2b,176,585,600,548,6000.0,0,0
bv-138c-1,173,220,220,210,2500.0,0,0
bv-155b-1,160,450,390,450,13500.0,0,0
bv-238,146,360,360,280,6000.0,0,0
b_10b,96,200,270,290,2200.0,0,0
b_18a,96,200,270,250,1158.24,2926.08,0
b_239_finland,None,400,320,540,1829.0,4633.0,0
b_24d,185,200,180,180,7010.0,0,0
b_25j_20,115,270,320,350,1676.0,4115.0,0
b_26b_c,118,270,320,370,1463.0,4653.0,0
b_34,96,260,290,320,1615.0,4023.0,0
b_48_firecrest,160,460,450,450,1280.0,4980.0,0
c-47,176,280,280,450,1700.0,0,0
canberra_bimk6,146,590,550,500,6000.0,0,0
canberra_bmk2,146,590,550,500,6000.0,0,0
caudron_cr714,None,280,240,420,4000.0,0,0
corsair_fmk2,None,450,450,500,300.0,4785.0,6400.0
cr_32,None,200,300,450,2600.0,0,0
cr_32_bis,None,200,300,450,2600.0,0,0
cr_32_quater,None,200,300,450,2600.0,0,0
cw_21,None,320,260,450,1829.0,4633.0,0
d3a1,136,330,360,380,1700.0,0,0
d4y1,165,350,400,400,4500.0,0,0
d4y2,165,350,400,400,5000.0,0,0
d4y3,149,350,400,400,1000.0,5000.0,0
db_3a,None,280,240,300,4700.0,0,0
db_3a_china,None,280,240,300,4700.0,0,0
db_3b,None,280,240,300,4700.0,0,0
db_7,160,260,320,300,2941.0,0,0
dh_110,176,685,750,440,8000.0,0,0
douglas_ad_2,132,460,480,410,1128.0,4920.0,0
douglas_ad_4,146,460,480,410,1128.0,4920.0,0
douglas_ad_4na_france,126,460,480,410,1128.0,4920.0,0
douglas_ad_4_france,146,460,480,410,1128.0,4920.0,0
douglas_a_1h,146,460,480,410,1128.0,4920.0,0
do_17e_1,165,290,300,300,3050.0,0,0
do_17z_2,165,290,300,300,1600.0,4300.0,0
do_17z_7,165,290,300,300,1600.0,4300.0,0
do_217e_2,173,290,360,360,1000.0,4200.0,0
do_217e_4,173,290,360,360,1000.0,4200.0,0
do_217j_1,173,290,360,360,1000.0,4850.0,0
do_217j_2,173,290,360,360,1000.0,4850.0,0
do_217k_1,176,290,360,360,700.0,5000.0,0
do_217m_1,178,290,360,360,5300.0,0,0
do_217n_1,178,290,360,360,5300.0,0,0
do_217n_2,178,290,360,360,5300.0,0,0
do_335a_0,None,380,340,400,7070.0,8300.0,9200.0
do_335a_1,None,380,340,400,7070.0,0,0
do_335b_2,None,380,340,400,7070.0,0,0
dummy_plane,165,320,420,420,5814.0,0,0
d_371,None,240,220,260,3825.0,0,0
d_371_hs9,185,240,220,260,3825.0,0,0
d_373,None,300,220,260,3825.0,0,0
d_500,None,320,330,360,3800.0,0,0
d_501,None,320,330,360,3800.0,0,0
d_510,None,320,330,360,2400.0,0,0
d_520,168,370,400,390,4300.0,0,0
d_520_france,168,370,400,390,4300.0,0,0
d_521,160,400,430,460,4953.0,0,0
e7k2,None,180,300,250,1780.0,0,0
e8n2,None,190,190,250,2500.0,0,0
er-2_ach30b_early,160,290,300,270,5700.0,0,0
er-2_m105r_lu2b,155,360,360,403,2300.0,4300.0,0
er-2_m105r_tat,155,360,360,403,2300.0,4300.0,0
er-2_m105_mv3,176,290,300,270,1800.0,3600.0,0
er-2_m105_tat,155,360,360,403,2300.0,4300.0,0
etendard_4m,95,920,750,600,6000.0,0,0
f-100a_china,84,640,540,610,6000.0,0,0
f-4c,None,810,750,700,6000.0,0,0
f-4e,None,810,750,700,6000.0,0,0
f-4ej,None,810,750,700,6000.0,0,0
f-4ej_kai,None,810,750,700,6000.0,0,0
f-4e_iaf,None,810,750,700,6000.0,0,0
f-4f,None,810,750,700,6000.0,0,0
f-4f_kws_lv,None,810,750,700,6000.0,0,0
f-4j,None,810,750,700,6000.0,0,0
f-4jk,None,810,750,700,6000.0,0,0
f-4k,None,810,750,700,6000.0,0,0
f-4m_fgr2,None,810,750,700,6000.0,0,0
f-4s,None,810,750,700,6000.0,0,0
f-80,200,482,600,640,11500.0,0,0
f-80a,200,482,600,640,11500.0,0,0
f-82e,158,500,700,700,1000.0,6095.0,0
f-84b,160,530,600,690,6000.0,0,0
f-84f,160,630,600,650,6000.0,0,0
f-84g,160,530,600,690,6000.0,0,0
f-84g_france,160,530,600,690,6000.0,0,0
f-86a-5,100,850,600,680,6000.0,0,0
f-86e,None,850,600,620,6000.0,0,0
f-86f-2,100,850,600,650,6000.0,0,0
f-86f-25,100,850,600,650,6000.0,0,0
f-86f-40_japan,100,850,600,650,6000.0,0,0
f-86k,100,850,600,650,6000.0,0,0
f-86_canadair_german,68,850,600,650,6000.0,0,0
f-86_cl_13b_mk6,100,850,600,650,6000.0,0,0
f-89b,160,760,800,700,6000.0,0,0
f-89d,160,760,800,700,6000.0,0,0
f-8e,85,1000,590,500,6000.0,0,0
f-8e_fn,85,1000,590,500,6000.0,0,0
f1,193,650,580,650,6000.0,0,0
f11f_1_late,None,650,540,620,6000.0,0,0
f13t_2s,160,400,500,500,1550.0,4550.0,0
f1m2,106,280,320,320,3993.0,0,0
f2a-1,None,405,400,380,1800.0,4650.0,0
f2a-3,None,465,400,500,700.0,3700.0,0
f2g-1,None,540,250,450,4600.0,0,0
f2h-2,160,620,650,700,8000.0,0,0
f3d_1,None,620,650,620,8000.0,0,0
f3f-2,None,220,280,420,1829.0,4633.0,0
f3h-2,None,810,750,700,6000.0,0,0
f4d-1,95,850,700,700,6000.0,0,0
f4f-3,78,300,330,350,1158.2,3444.0,5608.0
f4f-4,78,300,330,350,1158.2,3444.0,5608.0
f4f-4_martlet_mk4,78,300,330,350,1860.0,3810.0,0
f4u-1a,173,450,450,500,300.0,4785.0,6400.0
f4u-1a_usmc,173,450,450,500,300.0,4785.0,6400.0
f4u-1c,173,450,450,500,300.0,4785.0,6400.0
f4u-1d,173,450,450,500,300.0,4785.0,6400.0
f4u-4,None,450,220,450,450.0,5334.0,7315.0
f4u-4b,None,450,220,450,300.0,5334.0,7315.0
f4u-6_au-1,None,450,220,410,213.0,3810.0,0
f4u-7,None,450,220,410,300.0,5334.0,7315.0
f6f-3,89,430,420,420,518.0,4785.0,6000.0
f6f-5,185,432,420,420,518.0,4724.0,6400.0
f6f-5n,185,432,420,420,518.0,4724.0,6400.0
f6f-5n_france,185,432,420,420,518.0,4724.0,6400.0
f6f-5_france,None,432,420,420,518.0,4724.0,6400.0
f7f1,120,466,450,555,950.0,4500.0,0
f7f3,120,466,450,555,850.0,4600.0,0
f8f1,None,465,466,600,212.0,3820.0,0
f8f1b,None,465,466,600,212.0,3820.0,0
f8f1b_france,None,465,466,600,212.0,3820.0,0
f8u-2,85,1000,590,500,6000.0,0,0
f9f-2,118,620,650,720,8000.0,0,0
f9f-5,125,620,650,720,8000.0,0,0
f9f-8,113,950,790,510,8000.0,0,0
fairey_3f_mk3b,160,180,300,250,1780.0,0,0
fau-1,240,500,600,700,6000.0,0,0
fc_20_bis,176,280,280,410,3800.0,0,0
ffa_p16,146,600,700,600,2000.0,0,0
ffvs_j22_a,None,380,370,340,3505.0,0,0
ffvs_j22_b,None,380,370,340,3505.0,0,0
fiat_cr42,128,280,240,450,4300.0,0,0
fiat_cr42_j11,128,280,240,450,4300.0,0,0
fiat_g50_seria2,None,360,270,450,3800.0,0,0
fiat_g50_seria7as,None,360,270,450,3800.0,0,0
fiat_g91_ps,160,800,650,660,6000.0,0,0
fiat_g91_r1,160,800,650,660,6000.0,0,0
fiat_g91_r3,160,800,650,660,6000.0,0,0
fiat_g91_r4,160,800,650,660,6000.0,0,0
fiat_g91_y,None,800,650,660,6000.0,0,0
fiat_g91_ys,None,800,650,660,6000.0,0,0
firebrand_tf4,160,433,500,550,1023.0,3880.0,0
firefly_mk1,165,321,400,410,1980.0,4350.0,0
firefly_mk5,165,321,400,410,2400.0,6400.0,0
fj_4b,None,750,690,680,6000.0,0,0
fokker_d21_mod20,None,320,240,500,4602.0,0,0
fokker_d21_serie3_finland,None,320,240,500,4602.0,0,0
fokker_g1a,179,280,220,260,4002.0,0,0
fury_mk1,None,260,200,300,3705.0,0,0
fury_mk2,None,260,200,300,4267.0,0,0
fw-190a-1,176,420,300,550,700.0,4600.0,0
fw-190a-4,None,420,300,550,700.0,5300.0,0
fw-190a-5,None,410,320,450,700.0,5300.0,0
fw-190a-5_cannons,None,410,320,450,700.0,5300.0,0
fw-190a-5_u14,None,410,320,450,700.0,5300.0,0
fw-190a-5_u2,None,410,320,450,700.0,5300.0,0
fw-190a-8,None,420,300,550,700.0,5300.0,0
fw-190a-8_france,None,420,300,550,700.0,5300.0,0
fw-190c,None,420,300,550,13800.0,0,0
fw-190d-12,None,420,300,550,2600.0,6800.0,9700.0
fw-190d-13,None,420,300,550,2600.0,6800.0,9700.0
fw-190d-9,None,420,300,550,2350.0,5500.0,0
fw-190f-8,None,420,300,550,700.0,5300.0,0
fw_189a_1,179,380,360,390,2600.0,0,0
fw_200c_1,162,260,230,260,1150.0,0,0
f_100d,84,640,540,610,6000.0,0,0
f_100f,84,640,540,610,6000.0,0,0
f_104a,158,720,950,800,6000.0,0,0
f_104c,158,720,950,800,6000.0,0,0
f_104g,158,720,950,800,6000.0,0,0
f_104g_italy,158,720,950,800,6000.0,0,0
f_104j,158,720,950,800,6000.0,0,0
f_104s,158,720,950,800,6000.0,0,0
f_104s_asa,158,720,950,800,6000.0,0,0
f_104s_cb,158,720,950,800,6000.0,0,0
f_105d,160,720,950,800,6000.0,0,0
f_111a,160,1266,850,1801,6000.0,0,0
f_111c,160,1266,850,1801,6000.0,0,0
f_111f,160,1266,850,1801,6000.0,0,0
f_117,158,680,750,700,6000.0,0,0
f_14a_early,160,1266,850,1801,6000.0,0,0
f_14a_iriaf,160,1266,850,1801,6000.0,0,0
f_14b,160,1266,850,1801,6000.0,0,0
f_15a,158,680,750,700,6000.0,0,0
f_15c_baz_msip,158,680,750,700,6000.0,0,0
f_15c_msip2,158,680,750,700,6000.0,0,0
f_15e,158,680,750,700,6000.0,0,0
f_15i_raam,158,680,750,700,6000.0,0,0
f_15j,158,680,750,700,6000.0,0,0
f_15j_kai,158,680,750,700,6000.0,0,0
f_16aj,158,680,750,700,6000.0,0,0
f_16am_block_15_mlu_belgium,158,680,750,700,6000.0,0,0
f_16a_block_10,158,680,750,700,6000.0,0,0
f_16a_block_15_adf,158,680,750,700,6000.0,0,0
f_16a_block_15_adf_italy,158,680,750,700,6000.0,0,0
f_16a_block_15_belgium,158,680,750,700,6000.0,0,0
f_16a_block_20_mlu,158,680,750,700,6000.0,0,0
f_16c_block_40_barak_2,158,680,750,700,6000.0,0,0
f_16c_block_50,158,680,750,700,6000.0,0,0
f_16d_block_40_barak_2,158,680,750,700,6000.0,0,0
f_20a,158,680,750,700,6000.0,0,0
f_222_2,126,250,250,300,3200.0,0,0
f_47n_25_re_china,113,400,420,450,8820.0,0,0
f_5a,158,680,750,700,6000.0,0,0
f_5c_turkey,158,680,750,700,6000.0,0,0
f_5e,158,680,750,700,6000.0,0,0
f_5e_aidc,158,680,750,700,6000.0,0,0
f_5e_fcu_thailand,158,680,750,700,6000.0,0,0
g4m1,161,360,360,360,2350.0,6000.0,0
g5n1,174,300,180,270,2300.0,4114.8,0
g8n1,210,340,350,410,7570.0,0,0
gladiator_j8a,None,240,200,330,4115.0,0,0
gladiator_mk1_belgium,109,240,200,330,4115.0,0,0
gladiator_mk2,None,240,180,330,4100.0,0,0
gladiator_mk2_navy,None,240,180,330,4100.0,0,0
gladiator_mk2_tuck,None,240,180,330,4100.0,0,0
gl_832,139,180,180,180,1011.0,0,0
go229_v3,179,570,600,420,6000.0,0,0
g_55s,None,400,420,450,5700.0,0,0
g_55_serie1,None,400,420,450,5700.0,0,0
g_55_serie1_ss0,None,400,420,450,5700.0,0,0
g_56,None,400,420,450,6000.0,0,0
g_lynx,176,482,400,500,6000.0,0,0
h6k4,173,240,240,240,1500.0,0,0
h8k2,168,360,360,360,2103.0,5500.0,0
h8k3,168,360,360,360,2103.0,5500.0,0
halifax_mk3,114,350,350,300,1447.0,4115.0,0
harrier_frs1,158,648,950,790,6000.0,0,0
harrier_gr1,158,648,950,790,6000.0,0,0
harrier_gr3,158,648,950,790,6000.0,0,0
harrier_gr7,158,648,950,790,6000.0,0,0
hawk_iii,None,240,220,400,2926.0,0,0
he-111h-16_winter,160,310,300,270,5800.0,0,0
he-111h-2,None,310,300,270,6300.0,0,0
he-111h-6,163,310,300,270,5600.0,0,0
he-162a-2,240,500,500,580,6000.0,0,0
he-177a-5,162,300,310,360,5700.0,0,0
he51a1,None,180,300,300,0.0,0,0
he51b1,None,180,300,300,0.0,0,0
he51b_2w,146,180,300,300,0.0,0,0
he51c1,None,180,300,300,0.0,0,0
he51c1_late,None,180,300,300,0.0,0,0
he_100d_1,139,340,420,400,4000.0,0,0
he_112a_0,135,280,320,360,2800.0,0,0
he_112b_0,146,280,320,360,1250.0,3150.0,0
he_112b_1,146,280,320,360,1250.0,3150.0,0
he_112b_2,144,280,320,360,1250.0,3150.0,0
he_112v_5,135,280,320,360,1250.0,3450.0,0
he_115a_2_sweden,173,310,300,270,850.0,0,0
he_115c_1,173,310,300,270,850.0,0,0
he_219a_7,None,440,420,490,7300.0,0,0
hkp2,176,482,400,500,6000.0,0,0
hkp3c,193,482,400,500,6000.0,0,0
hkp9a_cb2,176,482,400,500,6000.0,0,0
hkp9a_cb3_fc,176,482,400,500,6000.0,0,0
hornet_mk1,123,420,390,450,3348.0,6753.0,0
hornet_mk3,123,420,390,450,3348.0,6753.0,0
hp52_hampden,None,315,310,350,4300.0,0,0
hp52_hampden_mk1_late,184,315,310,300,1448.0,4496.0,0
hp52_hampden_tbmk1,184,315,310,300,1448.0,4496.0,0
hp52_hampden_tbmk1_ussr_utk1,184,315,310,300,1448.0,4496.0,0
hs-129b-2,176,320,320,300,3400.0,0,0
hs-129b-3,176,320,320,300,3400.0,0,0
hs_123a_1,None,220,220,380,850.0,0,0
hudson_mk_v,96,260,290,320,1860.0,3810.0,0
hunter_f1,95,850,600,650,6000.0,0,0
hunter_f4_mk50,95,850,600,650,6000.0,0,0
hunter_f58a,95,850,600,690,6000.0,0,0
hunter_f6,95,850,600,690,6000.0,0,0
hunter_f6_holland,95,850,600,690,6000.0,0,0
hunter_f9,95,850,600,690,6000.0,0,0
hurricanemkii,None,370,250,380,3352.0,5638.0,0
hurricanemkii_ussr,None,370,250,380,3352.0,5638.0,0
hurricane_mk1,None,370,250,380,4953.0,0,0
hurricane_mk1b,None,370,250,380,4953.0,0,0
hurricane_mk1c,None,370,250,380,4953.0,0,0
hurricane_mk4,None,370,250,380,3352.0,5638.0,0
h_34,None,482,400,500,800.0,0,0
h_34_france,None,482,400,500,800.0,0,0
h_75a_1_france,None,290,380,420,3352.0,0,0
h_75a_2_finland,None,420,185,360,3658.0,0,0
h_75a_4_france,126,420,380,420,2133.0,4571.0,0
i-153p,95,180,240,380,1500.0,4200.0,0
i-153_m62,95,180,240,380,1530.0,4200.0,0
i-15bis,None,180,360,240,2900.0,0,0
i-15bis_krasnolutsky,None,180,360,240,2900.0,0,0
i-15_1934,None,250,260,260,2500.0,0,0
i-15_1935,None,250,260,260,1500.0,0,0
i-15_1935_moscow,None,250,260,260,2500.0,0,0
i-16_chung_28,None,220,240,280,2926.0,0,0
i-16_type10,None,300,240,280,2900.0,0,0
i-16_type17,None,300,240,280,2900.0,0,0
i-16_type18,None,300,240,280,1530.0,4200.0,0
i-16_type24,None,300,240,280,1800.0,4500.0,0
i-16_type27,None,300,240,280,1530.0,4200.0,0
i-16_type28,None,300,240,280,1800.0,4500.0,0
i-16_type5,None,220,240,280,2500.0,0,0
i-225,None,350,280,400,8800.0,0,0
iar-81c,160,350,300,370,3900.0,0,0
iar_316b,176,482,400,500,6000.0,0,0
iar_93b,95,650,650,650,6000.0,0,0
il-10,160,370,410,400,1700.0,0,0
il-10_1946,160,370,410,400,1700.0,0,0
il-2i,165,320,320,370,1750.0,0,0
il-2m,181,320,320,320,750.0,0,0
il-2m_mstitel,181,320,320,320,750.0,0,0
il-4,None,280,240,300,4000.0,6000.0,0
il_28,None,500,600,600,6000.0,0,0
il_28sh,None,500,600,600,6000.0,0,0
il_2m_1943,177,320,300,370,749.999,0,0
il_2_1941,165,320,320,370,1750.0,0,0
il_2_37_1943,177,320,300,370,749.999,0,0
il_2_m82,165,320,320,370,1900.0,0,0
il_8,181,320,320,320,1700.0,0,0
intruder_mk_1,160,260,320,300,1524.0,4420.0,0
itp-m1,None,320,250,500,5800.0,0,0
i_180,None,300,240,300,4000.0,6000.0,0
i_180_event01,None,300,240,300,4000.0,6000.0,0
i_180_event02,None,300,240,300,4000.0,6000.0,0
i_180_event03,None,None,None,None,0,0,0
i_180_event04,None,300,240,300,4000.0,6000.0,0
i_185_m71_standard,None,400,280,500,2250.0,5000.0,0
i_185_m82,None,400,280,500,2060.0,5400.0,0
i_29,123,360,360,450,2000.0,4000.0,0
j1n1_mod11_early,178,360,320,450,2500.0,5000.0,0
j2m2,156,400,400,400,1800.0,4800.0,0
j2m3,170,390,400,420,1800.0,4800.0,0
j2m4,190,390,400,420,1800.0,6200.0,0
j2m4_kai,190,390,400,420,1800.0,6200.0,0
j2m5,170,390,400,420,2200.0,6070.0,0
j2m5_30mm,170,390,400,420,2200.0,6070.0,0
j5n1,192,320,400,450,2000.0,5300.0,0
j6b,None,250,200,320,2438.0,0,0
j6k1,167,440,390,470,1000.0,4500.0,9000.0
j7w1,126,563,560,560,8400.0,0,0
j8m1,160,790,600,690,0.0,0,0
j9_early,None,290,300,300,2846.96,0,0
jaguar_a,176,585,600,649,6000.0,0,0
jaguar_e,176,585,600,649,6000.0,0,0
jaguar_gr1,176,585,600,649,6000.0,0,0
jaguar_gr1a,176,585,600,649,6000.0,0,0
jaguar_is,176,585,600,649,6000.0,0,0
javelin_fmk9,93,620,600,650,2000.0,0,0
jf_17,93,650,600,790,6000.0,0,0
jh_7a,160,1110,1150,900,6000.0,0,0
ju-188a-2,176,370,360,450,2350.0,5500.0,0
ju-288c,176,370,360,450,5700.0,0,0
ju-388j,176,370,360,400,11704.0,0,0
ju-52,176,260,270,300,850.0,0,0
ju-87b-2,146,250,350,350,3700.0,0,0
ju-87d-3,135,270,350,380,4900.0,0,0
ju-87d-5,135,270,350,380,4900.0,0,0
ju-87g_1,135,270,350,380,4900.0,0,0
ju-87g_2,135,270,350,380,4900.0,0,0
ju-87r-2,146,250,350,350,3700.0,0,0
ju-88a-1,176,350,360,370,5000.0,0,0
ju-88a-4,176,350,360,370,5000.0,0,0
ju-88c-6,176,350,360,370,5000.0,0,0
j_10a,95,519,700,2000,6000.0,0,0
j_11,158,680,750,700,6000.0,0,0
j_11a,158,680,750,700,6000.0,0,0
j_7d,93,650,600,950,6000.0,0,0
j_7e,93,650,600,790,6000.0,0,0
j_7_mk2,93,650,600,900,6000.0,0,0
j_8b,93,650,600,900,6000.0,0,0
j_8f,93,650,600,900,6000.0,0,0
ka_29,176,482,400,500,6000.0,0,0
ka_50,176,482,400,500,6000.0,0,0
ka_52,176,482,400,500,6000.0,0,0
kfir_c2,95,920,750,2650,6000.0,0,0
kfir_c7,95,920,750,2650,6000.0,0,0
kfir_canard,95,920,750,2650,6000.0,0,0
ki-27_otsu,109,350,350,350,3300.0,0,0
ki-45_ko,180,360,320,450,1800.0,5700.0,0
ki-45_tei,180,360,320,450,1800.0,5700.0,0
ki-49_1,168,260,360,350,4200.0,0,0
ki-49_2a,178,260,360,350,2150.0,5240.0,0
ki-49_2b,178,260,360,350,2150.0,5240.0,0
ki-83,166,460,500,520,4000.0,9500.0,0
ki-96,189,360,400,400,1800.0,5300.0,0
kitsuka,None,590,590,650,11000.0,0,0
ki_100_2,169,360,350,410,6800.0,0,0
ki_100_early,169,360,350,410,2000.0,5200.0,0
ki_102_otsu,199,360,400,400,1800.0,5300.0,0
ki_108,199,360,400,400,10200.0,0,0
ki_109,161,360,360,360,2200.0,5800.0,0
ki_10_1,None,260,230,280,3500.0,0,0
ki_10_2,None,260,230,280,3500.0,0,0
ki_21_1hei,128,260,260,260,3700.0,0,0
ki_21_1ko,128,260,260,260,3700.0,0,0
ki_32,118,290,260,270,3800.0,0,0
ki_43_1,119,370,350,400,3000.0,0,0
ki_43_2,133,370,350,400,2404.0,5600.0,0
ki_43_3_ko,168,370,350,450,1834.0,5614.0,0
ki_43_3_otsu,168,370,350,450,1834.0,5414.0,0
ki_44_1,153,400,400,450,2700.0,0,0
ki_44_2_hei,146,400,400,450,1386.0,4443.0,0
ki_44_2_otsu,146,400,400,450,1386.0,4443.0,0
ki_48_2_otsu,161,360,360,360,2404.0,5600.0,0
ki_61_1a_hei,168,360,350,410,4200.0,0,0
ki_61_1a_ko,168,360,350,410,4200.0,0,0
ki_61_1a_otsu,168,360,350,410,4200.0,0,0
ki_61_1a_tei,168,360,350,410,4200.0,0,0
ki_61_2_early,168,360,350,410,5700.0,0,0
ki_67_1_ko,161,360,360,360,2200.0,5800.0,0
ki_67_1_otsu,161,360,360,360,2200.0,5800.0,0
ki_84_hei,104,400,480,430,2000.0,5300.0,0
ki_84_ko,104,400,480,430,2000.0,5300.0,0
ki_84_otsu,104,400,480,430,2000.0,5300.0,0
ki_87,None,450,450,460,10500.0,0,0
ki_94_2,168,510,450,460,12000.0,14000.0,0
kor_1,160,180,200,220,2900.0,0,0
la-11,183,480,340,570,1550.0,4550.0,0
la-15,176,640,535,630,2000.0,0,0
la-5fn,168,380,380,320,1550.0,4550.0,0
la-5f_type_39,156,380,380,350,2050.0,5400.0,0
la-5_type37_early,168,380,380,380,2050.0,5400.0,0
la-7,168,400,400,400,1550.0,4550.0,0
la-7b-20,168,400,400,400,1550.0,4550.0,0
la-9,168,480,340,570,1550.0,4550.0,0
lagg-3-1,170,340,340,400,1400.0,3200.0,0
lagg-3-11,112,380,380,380,2000.0,4000.0,0
lagg-3-23,112,380,380,380,2000.0,4000.0,0
lagg-3-29,170,340,340,400,1400.0,3200.0,0
lagg-3-34,171,380,380,380,700.0,2700.0,0
lagg-3-35,171,380,380,340,700.0,2700.0,0
lagg-3-4,172,380,380,400,2300.0,4300.0,0
lagg-3-66,162,380,380,340,700.0,2700.0,0
lagg-3-8,112,380,380,380,2000.0,4000.0,0
lagg-i-301,169,380,380,380,2000.0,4000.0,0
lagg_3_8,170,380,380,450,2000.0,4300.0,0
lagg_gu-37,170,340,340,400,1400.0,3200.0,0
lancaster_mk1,114,400,350,350,1500.0,3600.0,0
lancaster_mk3,114,400,350,350,1255.0,3100.0,0
lancaster_mr7_france,114,400,350,350,1255.0,3100.0,0
late_298d,139,220,260,250,2500.0,0,0
la_174,176,640,535,610,2000.0,0,0
la_200_toriy,None,600,700,750,8000.0,0,0
leo_451_early,109,315,310,350,3900.0,0,0
leo_451_late,109,315,310,350,3900.0,0,0
li-2,176,280,280,250,1650.0,0,0
li-2_1938,176,280,280,250,1650.0,0,0
lightning_f6,95,850,700,700,6000.0,0,0
lincoln_b2,160,440,440,310,1753.0,4877.0,0
loire_130,170,190,190,250,4000.0,0,0
lynx_ah_mk1,176,482,400,500,6000.0,0,0
martin_139wc,96,200,270,290,2200.0,0,0
maryland_mk1,179,315,310,300,2133.0,0,0
mbr-2,175,220,220,230,4800.0,0,0
mb_152c1,126,350,350,400,4600.0,0,0
mb_157,126,350,350,400,2500.0,6700.0,0
mb_162,None,325,310,420,4200.0,0,0
mb_174_a3,None,325,200,480,4200.0,0,0
mb_175t,None,325,200,480,2900.0,0,0
mb_3,168,420,420,400,3400.0,0,0
mb_5,None,482,400,400,1900.0,6000.0,0
mc-202,None,400,270,550,4500.0,0,0
mc-202_d,None,400,270,550,4500.0,0,0
mc-202_ec,None,400,270,550,4500.0,0,0
mc-205_n2,None,400,270,550,5800.0,0,0
mc-205_serie1,None,400,270,550,5800.0,0,0
mc-205_serie3,None,400,270,550,5800.0,0,0
mc200_serie3,None,400,270,550,3800.0,0,0
mc200_serie7,None,400,270,550,3800.0,0,0
md_450b_barougan,146,600,700,680,8000.0,0,0
md_450b_ouragan,146,600,700,680,8000.0,0,0
md_452_mystere_2a,146,620,700,740,8000.0,0,0
md_452_mystere_2c_preproduction,146,620,700,740,6000.0,0,0
md_454_mystere_4a,78,600,610,580,6000.0,0,0
md_460,78,600,610,590,6000.0,0,0
md_460_saar,78,600,610,590,6000.0,0,0
md_460_sambad,78,600,610,590,6000.0,0,0
md_500_tow_late,176,482,400,500,6000.0,0,0
me-163b-0,160,790,600,690,0.0,0,0
me-163b-1,160,790,600,690,0.0,0,0
me-163b,160,790,600,690,0.0,0,0
me-262a-1a,220,500,600,680,6000.0,0,0
me-262a-1a_early,220,500,600,680,6000.0,0,0
me-262a-1a_u4,220,500,600,680,6000.0,0,0
me-262a-1b,220,500,600,680,6000.0,0,0
me-262a-2a,220,500,600,680,6000.0,0,0
me-262a_1_u1,220,500,600,680,6000.0,0,0
me-262c-1a,220,500,600,680,6000.0,0,0
me-262c-2b,220,500,600,680,6000.0,0,0
me-410a-1,189,390,410,460,5300.0,0,0
me-410a-1_u4,189,390,410,460,5300.0,0,0
me-410b-1,189,390,410,460,5500.0,0,0
me-410b-2_u4,189,390,410,460,5500.0,0,0
me-410b-6_r3,189,390,410,460,5500.0,0,0
meteor_fmk3,None,450,600,520,3000.0,0,0
meteor_fmk3_navy,None,450,600,520,2000.0,0,0
meteor_fmk4_lw,None,500,600,590,2000.0,0,0
meteor_fmk4_sw,None,560,600,580,2000.0,0,0
meteor_fmk8,None,600,600,620,2000.0,0,0
meteor_fmk8_belgium,None,600,600,620,2000.0,0,0
meteor_fmk8_reaper,None,600,600,620,2000.0,0,0
meteor_nfmk13,176,500,600,590,2000.0,0,0
me_264,156,340,350,330,2600.0,6800.0,9700.0
mh_60l_dap,176,482,400,500,6000.0,0,0
mi-35,176,482,400,500,6000.0,0,0
mig-15,176,600,700,750,8000.0,0,0
mig-15bis_ish,176,600,700,750,8000.0,0,0
mig-15_ns23,176,600,700,750,8000.0,0,0
mig-17,176,600,700,750,8000.0,0,0
mig-17f,176,600,700,750,8000.0,0,0
mig-17p_lim_5p,176,600,700,750,8000.0,0,0
mig-19,156,540,650,350,6000.0,0,0
mig-19j_6a,156,540,650,350,6000.0,0,0
mig-19s,156,540,650,350,6000.0,0,0
mig-21_bis,93,650,600,950,6000.0,0,0
mig-21_bison,93,650,600,950,6000.0,0,0
mig-21_bis_lazur,93,650,600,950,6000.0,0,0
mig-21_f13,93,650,600,900,6000.0,0,0
mig-21_mf,93,650,600,950,6000.0,0,0
mig-21_pfm,93,650,600,900,6000.0,0,0
mig-21_s,93,650,600,950,6000.0,0,0
mig-21_smt,93,650,600,950,6000.0,0,0
mig-9,200,550,600,720,6000.0,0,0
mig-9_ussr,200,550,600,720,6000.0,0,0
mig_21_bis_finland,93,650,600,950,6000.0,0,0
mig_23bn,160,666,650,701,6000.0,0,0
mig_23m,160,666,650,701,6000.0,0,0
mig_23mf,160,666,650,701,6000.0,0,0
mig_23ml,160,666,650,701,6000.0,0,0
mig_23mla,160,666,650,701,6000.0,0,0
mig_23mld,160,666,650,701,6000.0,0,0
mig_27k,160,666,650,701,6000.0,0,0
mig_27m,160,666,650,701,6000.0,0,0
mig_29smt_9_19,158,680,750,700,6000.0,0,0
mig_29_9_12b_hungary,158,680,750,700,6000.0,0,0
mig_29_9_12g,158,680,750,700,6000.0,0,0
mig_29_9_12_germany,158,680,750,700,6000.0,0,0
mig_29_9_13,158,680,750,700,6000.0,0,0
mig_3_series_1_15,None,300,280,440,6000.0,0,0
mig_3_series_1_15_bk_pod,None,300,280,440,6000.0,0,0
mig_3_series_34,None,300,280,440,6000.0,0,0
mig_3_series_pod,165,380,380,380,6600.0,0,0
mirage_2000c_s5,95,920,750,800,6000.0,0,0
mirage_2000d_r1,95,920,750,800,6000.0,0,0
mirage_2000d_rmv,95,920,750,800,6000.0,0,0
mirage_2000_5ei,95,920,750,800,6000.0,0,0
mirage_2000_5f,95,920,750,800,6000.0,0,0
mirage_3c,95,920,750,650,6000.0,0,0
mirage_3cj,95,920,750,650,6000.0,0,0
mirage_3e,95,920,750,650,6000.0,0,0
mirage_4000,95,920,750,650,6000.0,0,0
mirage_5ba,95,920,750,650,6000.0,0,0
mirage_5f,95,920,750,650,6000.0,0,0
mirage_5_nesher,95,920,750,650,6000.0,0,0
mirage_f1c,93,650,800,900,6000.0,0,0
mirage_f1c_200,93,650,800,900,6000.0,0,0
mirage_milan,95,920,750,650,6000.0,0,0
mi_24a,176,482,400,500,6000.0,0,0
mi_24p,176,482,400,500,6000.0,0,0
mi_24p_german,176,482,400,500,6000.0,0,0
mi_24v,176,482,400,500,6000.0,0,0
mi_28a_sweden,176,482,400,500,6000.0,0,0
mi_28n,176,482,400,500,6000.0,0,0
mi_28nm,176,482,400,500,6000.0,0,0
mi_35m,176,482,400,500,6000.0,0,0
mi_35m_pakistan,176,482,400,500,6000.0,0,0
mi_4av,None,482,400,500,1550.0,0,0
mi_8amtsh,176,482,400,500,6000.0,0,0
mi_8amtsh_vn,176,482,400,500,6000.0,0,0
mi_8tb,176,482,400,500,6000.0,0,0
mi_8tv,176,482,400,500,6000.0,0,0
morko_morane,173,310,320,400,2000.0,4000.0,0
mosquito_fb_mk18,None,360,360,450,2896.0,4940.0,0
mosquito_fb_mk6,None,360,360,450,2896.0,4940.0,0
ms_405,None,310,320,330,2400.0,0,0
ms_406c1,None,310,320,330,3150.0,0,0
ms_410c1,None,310,320,330,3150.0,0,0
n1k1_ja,167,430,460,400,1798.0,5900.0,0
n1k1_kyuofu,159,430,300,400,1600.0,5000.0,0
n1k2_j,158,430,460,400,2000.0,5300.0,0
nc_223_3,126,250,250,300,3400.0,0,0
night_fighter_mk_2,150,360,360,403,1740.0,4000.0,0
nimrod_mk1,None,260,200,260,609.0,0,0
nimrod_mk2,None,260,200,300,4267.0,0,0
o3u_1,160,180,170,180,1000.0,0,0
oh_58d,176,482,400,500,6000.0,0,0
os2u_1,173,200,200,240,1376.4,0,0
osprey_mk4,146,260,200,300,4267.0,0,0
p-26a_33,None,260,180,340,1829.0,0,0
p-26a_34,None,260,180,340,1829.0,0,0
p-26a_34_m2,None,260,180,340,1829.0,0,0
p-26a_35,None,260,180,340,1829.0,0,0
p-26b_35,None,260,180,340,1829.0,0,0
p-36a,None,290,380,420,1981.0,0,0
p-36a_rasmussen,None,290,380,420,1981.0,0,0
p-36c,None,290,380,420,1981.0,0,0
p-36g,126,420,380,420,2133.0,4571.0,0
p-38e,None,380,460,500,6800.0,0,0
p-38g,None,380,460,500,5800.0,0,0
p-38j,None,380,460,500,7500.0,0,0
p-38k,173,380,460,500,8500.0,0,0
p-38l,None,380,460,500,7500.0,0,0
p-39k_1,108,360,380,450,4000.0,0,0
p-39n,100,360,380,450,3724.0,0,0
p-39n_su,100,360,380,450,3724.0,0,0
p-39q_15,100,360,380,450,2800.0,0,0
p-39q_25,100,360,380,450,2800.0,0,0
p-39q_5,100,360,380,450,3724.0,0,0
p-400,108,360,380,450,3676.8,0,0
p-40c,None,450,220,420,3660.0,0,0
p-40c_china,None,450,220,420,3660.0,0,0
p-40e,None,450,220,420,3597.0,0,0
p-40f,None,450,220,500,2743.0,4724.0,0
p-47d-28,114,402,420,470,6681.0,0,0
p-47d-30,114,402,420,470,6681.0,0,0
p-47d,114,402,420,470,8500.0,0,0
p-47d_16_re,114,402,420,470,8500.0,0,0
p-47d_22_re,114,402,420,470,8500.0,0,0
p-47d_23_re,114,402,420,470,8500.0,0,0
p-47d_ussr,114,402,420,470,8500.0,0,0
p-47m-1-re,114,402,420,470,8720.0,0,0
p-47n-15,113,400,420,450,8820.0,0,0
p-51a_tl,None,550,230,550,4450.0,0,0
p-51b,None,500,230,550,3658.0,0,0
p-51c-10-nt,None,500,300,550,2400.0,6400.0,0
p-51c-10_france,None,500,300,550,2400.0,6400.0,0
p-51c-11-nt_china,176,500,300,550,2400.0,6400.0,0
p-51d-10,None,500,300,500,2400.0,6400.0,0
p-51d-20-na,176,500,300,500,2400.0,6400.0,0
p-51d-30_usaaf_korea,176,500,300,500,2400.0,6400.0,0
p-51d-5,176,500,300,500,2400.0,6400.0,0
p-51h-5_na,None,483,400,420,3657.0,7863.0,0
p-51_a-36,None,550,230,550,762.0,0,0
p-51_mk1a_usaaf,None,500,230,550,3658.0,0,0
p-61a_1,115,530,420,450,460.0,4114.0,6090.0
p-61c_1,115,530,420,450,8820.0,0,0
p-63a-10,185,410,380,410,3658.0,0,0
p-63a-5,185,410,380,410,3658.0,0,0
p-63c-5,185,410,380,410,5182.0,0,0
p-63c-5_france,185,410,380,410,5182.0,0,0
p-66,None,350,280,580,1890.0,3810.0,0
p1y1_mod11,167,360,360,400,1798.92,5700.0,0
pandora_mk_1,150,360,360,403,1740.0,4000.0,0
pb4y-2,173,200,180,180,2346.0,4389.0,0
pb4y-2_china,173,200,180,180,2346.0,4389.0,0
pb4y-2_france,173,200,180,180,2346.0,4389.0,0
pbj_1h,115,270,320,350,1676.0,4115.0,0
pbj_1j,115,270,320,350,1676.0,4115.0,0
pbm_1,173,260,220,230,1676.4,3650.0,0
pbm_3,173,220,220,230,1642.0,3541.52,0
pbm_5a,168,220,220,230,1981.0,4937.0,0
pby-5,173,220,220,230,1886.0,0,0
pby-5a,173,220,220,230,1886.0,0,0
pby-5a_late,173,220,220,230,1886.0,0,0
pby-5a_late_france,173,220,220,230,1886.0,0,0
pe-2-1,132,380,380,440,2000.0,4000.0,0
pe-2-110,132,380,380,440,2000.0,4000.0,0
pe-2-205,132,380,380,440,700.0,2700.0,0
pe-2-31,132,380,380,440,2000.0,4000.0,0
pe-2-359,132,380,380,440,700.0,2700.0,0
pe-2-83,132,380,380,440,2000.0,4000.0,0
pe-3,132,380,380,440,2000.0,4000.0,0
pe-3_bis,132,380,380,440,2000.0,4000.0,0
pe-3_early,132,380,380,440,2000.0,4000.0,0
pe-8_m82,None,320,350,320,2060.0,5400.0,0
po-2,158,200,200,200,700.0,0,0
po-2m,119,200,200,200,700.0,0,0
po-2_nw,119,370,350,450,3000.0,0,0
potez_630,146,360,360,330,4200.0,0,0
potez_631,146,360,360,330,3400.0,0,0
potez_633,None,360,360,330,3400.0,0,0
po_2op_event,95,350,360,360,2500.0,0,0
pv_2,96,260,290,320,1615.0,4023.0,0
pv_2d,96,260,290,320,1615.0,4023.0,0
pyorremyrsky,156,450,400,450,5700.0,0,0
p_108a_serie2,None,330,310,270,3500.0,0,0
p_108b_serie1,None,330,310,270,3500.0,0,0
p_108b_serie2,None,330,310,270,3500.0,0,0
p_43a_1,96,370,400,440,7620.0,0,0
p_51b_7_sweden,None,500,300,550,2400.0,6400.0,0
p_59a,176,450,420,350,3000.0,0,0
q_5a,156,540,650,350,6000.0,0,0
q_5l,156,540,650,350,6000.0,0,0
q_5_early,156,540,650,350,6000.0,0,0
r2y2_kai,146,650,600,680,6000.0,0,0
r2y2_v1,146,650,600,680,6000.0,0,0
r2y2_v2,146,650,600,680,6000.0,0,0
re_2000_ga,146,350,350,380,4180.0,0,0
re_2000_int,173,350,350,380,4180.0,0,0
re_2001_cb,155,350,350,420,4500.0,0,0
re_2001_cn,155,350,350,420,4500.0,0,0
re_2001_serie1,155,350,350,420,4500.0,0,0
re_2002_early,146,350,350,380,4500.0,0,0
re_2005_serie0,155,350,350,380,6200.0,0,0
ro_43,160,180,300,200,1670.0,0,0
ro_44,160,180,300,250,1670.0,0,0
ro_57_quadriarma,185,380,280,520,3800.0,0,0
saab_105g,176,550,650,520,8000.0,0,0
saab_105oe,176,550,650,520,8000.0,0,0
saab_a21rb,173,450,390,420,3000.0,0,0
saab_a32a,95,850,600,600,6000.0,0,0
saab_aj37,95,865,700,520,6000.0,0,0
saab_ajs37,95,865,700,520,6000.0,0,0
saab_b17a,150,300,310,320,3505.0,0,0
saab_b17b,150,300,310,320,3267.0,0,0
saab_b17bs,139,300,310,320,3505.0,0,0
saab_b18a,193,370,350,400,3505.0,0,0
saab_b18b,193,370,350,400,5650.0,0,0
saab_b3c,None,200,200,250,900.0,0,0
saab_j21a_1,173,450,390,420,5700.0,0,0
saab_j21ra,173,450,390,420,3000.0,0,0
saab_j29a,176,650,640,450,3000.0,0,0
saab_j29b,176,650,640,450,3000.0,0,0
saab_j29d,176,650,640,450,3000.0,0,0
saab_j29f,176,650,640,450,3000.0,0,0
saab_j32b,95,850,600,600,6000.0,0,0
saab_j35a,95,850,850,700,6000.0,0,0
saab_j35d,95,850,850,700,6000.0,0,0
saab_j35xs,95,850,850,700,6000.0,0,0
saab_ja37,95,865,700,520,6000.0,0,0
saab_jas39a,95,519,700,2000,6000.0,0,0
saab_jas39c,95,519,700,2000,6000.0,0,0
saab_sk60b,176,550,650,580,8000.0,0,0
saab_t18b_1,193,370,350,400,5650.0,0,0
saab_t18b_2,None,370,350,400,5650.0,0,0
sagittario_2,173,600,550,610,2000.0,0,0
sa_313b,176,482,400,500,6000.0,0,0
sa_316b,176,482,400,500,6000.0,0,0
sa_341f,176,482,400,500,6000.0,0,0
sa_342l_china,176,482,400,500,6000.0,0,0
sa_342m,176,482,400,500,6000.0,0,0
sb2c_1c,185,257,350,380,1829.0,3962.0,0
sb2c_4,185,257,350,380,975.0,4572.0,0
sb2c_5,165,257,350,380,975.0,4572.0,0
sb2u-2,173,300,350,320,2895.0,0,0
sb2u-3,173,300,350,320,2895.0,0,0
sbd-3,173,350,350,380,524.0,4300.0,0
sb_2m_100,133,250,300,180,3300.0,0,0
sb_2m_103c,133,250,300,185,4000.0,0,0
sb_2m_103u_mv3,183,250,300,185,4000.0,0,0
sb_2m_105,168,280,300,185,2000.0,4000.0,0
scimitar_f1,173,620,500,620,8000.0,0,0
scout_ah_mk1,176,482,400,500,6000.0,0,0
seafire_fr47,165,482,400,400,4100.0,8100.0,0
seafire_mk17,165,321,400,350,1880.0,4200.0,0
seafire_mk3,None,321,400,350,3800.0,0,0
sea_fury_fb11,160,460,450,550,1524.0,5180.0,0
sea_harrier_fa2,158,648,950,790,6000.0,0,0
sea_hawk_fga6,146,461,600,620,8000.0,0,0
sea_venom_faw20,None,650,640,640,3000.0,0,0
shackleton_mr_mk_2,160,350,350,350,610.001,3048.0,0
sm_79_1936,176,260,270,270,3400.0,0,0
sm_79_1937,176,260,270,270,3400.0,0,0
sm_79_1939,None,260,270,270,3400.0,0,0
sm_79_1941,None,260,270,270,3400.0,0,0
sm_79_1942,None,260,270,270,1800.0,0,0
sm_79_1943,None,260,270,270,1800.0,0,0
sm_79_iar,146,260,270,270,3400.0,0,0
sm_91,None,280,200,450,5800.0,0,0
sm_92,None,300,240,500,6000.0,0,0
soc_1,173,190,190,200,1829.0,0,0
so_4050_vautour_2a,126,480,620,590,6000.0,0,0
so_4050_vautour_2b,126,480,620,590,6000.0,0,0
so_4050_vautour_2n,126,480,620,590,6000.0,0,0
so_4050_vautour_2n_late,126,480,620,590,6000.0,0,0
so_8000_narval,None,482,400,520,3000.0,8000.0,0
spitfiremkii,165,321,400,350,4490.0,0,0
spitfiremkiia,165,321,400,350,4490.0,0,0
spitfire_f22,165,482,400,400,4100.0,8100.0,0
spitfire_f24,165,482,400,400,4100.0,8100.0,0
spitfire_fr_mk14e,165,321,400,350,4100.0,8100.0,0
spitfire_ix,165,321,400,350,3600.0,6800.0,0
spitfire_ix_cw,165,321,400,350,3600.0,6800.0,0
spitfire_ix_early,84,321,400,350,4100.0,8000.0,0
spitfire_ix_lf_c,165,321,400,350,3600.0,6800.0,0
spitfire_mk1,165,275,400,350,4900.0,0,0
spitfire_mk14c,165,321,400,350,4100.0,8100.0,0
spitfire_mk14e,165,321,400,350,4100.0,8100.0,0
spitfire_mk18e,165,321,400,350,4100.0,8100.0,0
spitfire_mk5b,165,321,400,350,4900.0,0,0
spitfire_mk5b_notrop,165,321,400,350,4900.0,0,0
spitfire_mk5c,None,321,400,350,3800.0,0,0
spitfire_mk5c_notrop,None,321,400,350,3800.0,0,0
spitfire_mk9c_4cannons,84,321,400,350,4100.0,8000.0,0
spitfire_xvi,165,321,400,350,3400.0,7200.0,0
stirling_mk1,184,350,350,350,761.999,4267.0,0
stirling_mk3,184,350,350,350,3000.0,5700.0,0
strikemaster_mk88,156,500,500,480,6000.0,0,0
su-11,158,480,580,660,6000.0,0,0
su-2_m82,None,280,240,500,2050.0,5400.0,0
su-2_mv5,None,280,240,500,4000.0,6000.0,0
su-2_tss1,None,280,240,500,4000.0,6000.0,0
su-6_am42,183,350,380,395,1500.0,0,0
su-6_am42_23,183,350,380,395,1500.0,0,0
su-6_m71,183,350,380,395,800.0,2800.0,0
su-7b,173,700,650,600,6000.0,0,0
su-7bkl,173,700,650,600,6000.0,0,0
su-7bmk,158,700,650,600,6000.0,0,0
su-8,160,360,360,380,800.0,2800.0,0
su-9,158,480,580,660,6000.0,0,0
sunderland_mk3a,168,350,350,250,1450.0,4500.0,0
sunderland_mk5,168,350,350,250,1860.0,3810.0,0
super_etendard_97,95,920,750,600,6000.0,0,0
super_hind_mk3,176,482,400,500,6000.0,0,0
su_17m2,160,740,650,650,6000.0,0,0
su_17m4,160,740,650,650,6000.0,0,0
su_22m3,160,740,650,650,6000.0,0,0
su_22m4,160,740,650,650,6000.0,0,0
su_22um3k,160,740,650,650,6000.0,0,0
su_24m,160,1266,850,1801,6000.0,0,0
su_25,None,500,600,700,6000.0,0,0
su_25k,None,500,600,700,6000.0,0,0
su_25sm3,173,500,600,700,6000.0,0,0
su_25t,None,500,600,700,6000.0,0,0
su_25tm,None,500,600,700,6000.0,0,0
su_25_558arz,None,500,600,700,6000.0,0,0
su_27,158,680,750,700,6000.0,0,0
su_27sm,158,680,750,700,6000.0,0,0
su_34,158,680,750,700,6000.0,0,0
su_6_single,183,350,380,395,2000.0,5000.0,0
swift_f1,78,850,600,620,6000.0,0,0
swift_f7,78,850,600,620,6000.0,0,0
swordfish_mk1,None,200,220,260,1067.0,0,0
swordfish_mk2,None,200,220,260,1067.0,0,0
s_199,160,450,390,450,5600.0,0,0
s_81_ar125,None,260,270,270,3800.0,0,0
t2,193,650,580,650,6000.0,0,0
t2_early,193,650,580,650,6000.0,0,0
ta-152c,None,410,300,500,8990.0,0,0
ta-152h-1,None,360,220,500,2600.0,6800.0,9700.0
tandem_mai,168,350,340,340,4000.0,0,0
ta_154a_1,None,350,400,470,1900.0,5500.0,0
tbd-1,None,465,400,380,2620.0,0,0
tbf-1c,82,300,220,220,1768.0,3962.0,0
tb_3_m17_32,168,300,300,300,3050.0,0,0
tempest_mk2,None,440,430,530,950.0,4330.0,0
tempest_mkv,None,440,430,530,1447.0,4981.0,0
tempest_mkv_luftwaffe,None,440,430,530,1447.0,4981.0,0
tempest_mkv_vikkers,None,440,430,530,1447.0,4981.0,0
thunderbolt_mk1,114,402,420,470,6800.0,0,0
tiger_had_block2_france,176,482,400,500,6000.0,0,0
tiger_had_france,176,482,400,500,6000.0,0,0
tiger_hap_france,176,482,400,500,6000.0,0,0
tiger_uht,176,482,400,500,6000.0,0,0
tis_ma,None,380,380,420,750.0,0,0
tornado_adv,160,670,650,700,6000.0,0,0
tornado_f3,160,670,650,700,6000.0,0,0
tornado_f3_late,160,670,650,700,6000.0,0,0
tornado_gr1,160,670,650,700,6000.0,0,0
tornado_gr4,160,670,650,700,6000.0,0,0
tornado_ids_de_assta1,160,670,650,700,6000.0,0,0
tornado_ids_de_mfg,160,670,650,700,6000.0,0,0
tornado_ids_de_wtd61,160,670,650,700,6000.0,0,0
tornado_ids_it,160,670,650,700,6000.0,0,0
tornado_ids_it_mod95,160,670,650,700,6000.0,0,0
tu-1,None,360,360,500,6600.0,0,0
tu-2,None,360,360,500,1550.0,4550.0,0
tu-2_early,None,420,280,480,2060.0,5400.0,0
tu-2_postwar,None,360,360,500,1550.0,4550.0,0
tu-2_postwar_late,None,360,360,500,1550.0,4550.0,0
tu_14t,160,500,600,600,6000.0,0,0
tu_4,124,340,350,290,10250.0,0,0
typhoon_mk1a,None,390,440,480,1447.0,4981.0,0
typhoon_mk1b,None,390,440,480,1447.0,4981.0,0
typhoon_mk1b_late,90,390,440,480,1447.0,4981.0,0
t_129_atak,176,482,400,500,6000.0,0,0
uav_quadcopter,160,120,120,120,6000.0,0,0
ucav_mq_1_predator,183,200,200,200,6000.0,0,0
ucav_recon_micro,160,120,120,120,1550.0,0,0
uh_1b,193,482,400,500,6000.0,0,0
uh_1c,193,482,400,500,6000.0,0,0
uh_1d,193,482,400,500,6000.0,0,0
vampire_fb5,146,550,600,600,3000.0,0,0
vampire_fb52a,146,550,600,600,3000.0,0,0
vb_10c_1,170,380,380,540,6800.0,0,0
vb_10_02,170,380,380,540,6800.0,0,0
venom_fb4,None,650,640,640,3000.0,0,0
vg_33,170,350,350,430,4000.0,0,0
vl_myrsky_2_late,176,320,320,350,3505.0,0,0
v_11g,None,320,260,480,1829.0,0,0
v_12d,None,320,260,540,1500.0,4600.0,0
v_156_f,173,300,350,320,2895.0,0,0
walrus_mk1,173,230,260,260,1066.0,0,0
wasp_has_mk1,176,482,400,500,6000.0,0,0
welkin_fmk1,123,420,390,450,3048.0,6553.0,0
wellington_mk10,144,275,275,310,1250.0,3710.0,0
wellington_mk1c,144,275,275,310,900.0,3920.0,0
wellington_mk3,144,275,275,310,310.0,3810.0,0
wessex_mk5,185,482,400,500,6000.0,0,0
whirlwind_mk1,115,420,420,450,4575.0,0,0
whirlwind_p9,115,420,420,450,4575.0,0,0
wirraway,60,320,320,310,2133.6,0,0
wyvern_s4,176,482,400,410,6000.0,0,0
xa_38,115,360,270,400,1676.0,4206.0,0
xf5f,185,350,400,350,1200.0,4200.0,0
xp-50,176,350,400,400,6720.0,0,0
xp-55,120,463,460,520,4724.0,0,0
yah_64,176,482,400,500,6000.0,0,0
yak-15,160,380,420,500,6000.0,0,0
yak-17,160,380,420,500,6000.0,0,0
yak-1b,160,380,420,490,700.0,2900.0,0
yak-1_early,160,380,420,490,2300.0,4200.0,0
yak-23,173,450,420,500,2000.0,0,0
yak-28b,126,640,550,650,6000.0,0,0
yak-2_kabb,123,360,360,400,4000.0,0,0
yak-3,160,380,420,490,300.0,2600.0,0
yak-30d,200,660,540,640,2000.0,0,0
yak-38,158,650,850,920,6000.0,0,0
yak-38m,158,650,850,920,6000.0,0,0
yak-3p,160,380,420,490,300.0,2600.0,0
yak-3t,160,380,420,490,300.0,2600.0,0
yak-3_early,160,380,420,490,300.0,2600.0,0
yak-3_france,160,380,420,490,300.0,2600.0,0
yak-3_vk107,160,380,420,490,1800.0,4500.0,0
yak-4,123,360,360,450,2000.0,4000.0,0
yak-7b,160,380,420,490,700.0,2900.0,0
yak-9,160,380,420,490,700.0,2900.0,0
yak-9b,160,380,420,490,700.0,2900.0,0
yak-9k,160,380,420,490,700.0,2900.0,0
yak-9m,160,380,420,490,300.0,2600.0,0
yak-9p,160,400,420,490,1890.0,4500.0,0
yak-9t,160,380,420,490,700.0,2900.0,0
yak-9u,160,400,420,490,1890.0,4500.0,0
yak-9ut,160,400,420,490,1890.0,4500.0,0
yak_141,158,650,850,920,6000.0,0,0
yak_3u,160,380,420,490,1550.0,4550.0,0
yp-38,None,380,460,500,6800.0,0,0
z_10,176,482,400,500,6000.0,0,0
z_1007_bis_serie3,None,260,270,270,4000.0,0,0
z_1007_bis_serie5,None,260,270,270,4000.0,0,0
z_11wa,176,482,400,500,6000.0,0,0
z_19,176,482,400,500,6000.0,0,0
z_19e,176,482,400,500,6000.0,0,0
z_9w,176,482,400,500,6000.0,0,0
z_9wa,176,482,400,500,6000.0,0,0
